StartDate,EndDate,Status,IPAddress,Progress,Duration (in seconds),Finished,RecordedDate,ResponseId,RecipientLastName,RecipientFirstName,RecipientEmail,ExternalReference,LocationLatitude,LocationLongitude,DistributionChannel,UserLanguage,freq,know,freq2,deterministic_1,deterministic_2,deterministic_3,deterministic_4,deterministic_5,deterministic_6,deterministic_7,deterministic_8,probabilistic_1,probabilistic_2,probabilistic_3,probabilistic_4,probabilistic_5,probabilistic_6,probabilistic_7,probabilistic_8,hover,PROLIFIC_PID,STUDY_ID,SESSION_ID,condition
2023-06-24 21:08:57,2023-06-24 21:10:21,0,67.245.235.171,100,84,1,2023-06-24 21:10:22,R_1OVSy5P2DtGb3WD,,,,,40.6799,-74.0028,anonymous,EN,1,1,4,,,,,,,,,4,2,4,4,2,3,4,2,3,60edc8b4b70a4a4131a8bcfa,6497af9b5812d44d19ee6a07,6497afc0e2b9f89ef275f54b,probabilistic
2023-06-24 21:12:16,2023-06-24 21:13:45,0,24.179.32.244,100,88,1,2023-06-24 21:13:46,R_A72eeGNkVBsCmch,,,,,32.5919,-85.5203,anonymous,EN,1,1,2,,,,,,,,,2,2,2,2,3,3,4,3,3,6101f5eb4bc27ee995b02b1c,6497af9b5812d44d19ee6a07,6497b08a8206fbb4af13a6a2,probabilistic
2023-06-24 21:16:00,2023-06-24 21:16:42,0,162.193.107.81,100,42,1,2023-06-24 21:16:43,R_2wzCe5f0qM4H9Rb,,,,,34.0544,-118.2441,anonymous,EN,1,1,3,4,4,4,4,4,4,2,4,,,,,,,,,3,60fd9e8a7c7bd89ff4af7816,6497af9b5812d44d19ee6a07,6497b16b9058bfe4794227ed,deterministic
2023-06-24 21:17:54,2023-06-24 21:18:49,0,184.152.104.247,100,55,1,2023-06-24 21:18:50,R_1rOCDkPobGjbUdU,,,,,40.7584,-73.7973,anonymous,EN,1,1,1,,,,,,,,,1,1,1,1,2,1,2,1,3,62785b6530a3dfd84d8fc34a,6497af9b5812d44d19ee6a07,6497b1dc714bc251c2b09489,probabilistic
2023-06-24 21:19:05,2023-06-24 21:20:22,0,75.88.1.238,100,76,1,2023-06-24 21:20:23,R_4MmknarJd69cMiR,,,,,40.809,-79.5189,anonymous,EN,3,4,1,5,2,5,4,5,1,2,3,,,,,,,,,3,64135d9db0d03edba0b91c08,6497af9b5812d44d19ee6a07,6497b22427f616f723b350cb,deterministic
2023-06-24 21:19:55,2023-06-24 21:21:45,0,24.144.1.35,100,110,1,2023-06-24 21:21:46,R_28FK1dsK4h3cTJ3,,,,,35.0848,-92.4242,anonymous,EN,1,1,2,4,4,3,3,4,4,3,4,,,,,,,,,4,5d3bdd3e3dcf870019c76307,6497af9b5812d44d19ee6a07,6497b251afcf2a5ccbca52ff,deterministic
2023-06-24 21:20:26,2023-06-24 21:22:23,0,71.224.27.63,100,116,1,2023-06-24 21:22:24,R_1lnsbokynzkTYDi,,,,,39.9544,-75.1657,anonymous,EN,1,2,2,,,,,,,,,2,3,4,3,3,2,4,2,4,5766e623236f930001a69a32,6497af9b5812d44d19ee6a07,6497b263d78727c122956294,probabilistic
2023-06-24 21:21:59,2023-06-24 21:23:46,0,24.95.90.231,100,107,1,2023-06-24 21:23:47,R_1eCYeYM0VdJrA6j,,,,,39.7425,-84.6513,anonymous,EN,1,4,1,5,1,3,1,5,5,5,5,,,,,,,,,5,6111c28f3db4a360397970a7,6497af9b5812d44d19ee6a07,6497b2c257ccb576fdc25ae0,deterministic
2023-06-24 21:26:38,2023-06-24 21:27:31,0,76.244.39.8,100,53,1,2023-06-24 21:27:32,R_ufU6x4M9LDo4nux,,,,,37.3773,-122.0194,anonymous,EN,1,2,3,,,,,,,,,3,2,2,2,2,2,3,2,4,5ebfa1b06c113a392d7b16ad,6497af9b5812d44d19ee6a07,6497b3e84dbf380ccd49981c,probabilistic
2023-06-24 21:25:50,2023-06-24 21:28:50,0,73.220.186.66,100,180,1,2023-06-24 21:28:51,R_4NqeXXy6jYNbvBn,,,,,37.778,-121.2316,anonymous,EN,1,1,4,,,,,,,,,2,3,4,4,3,2,4,3,4,63ed2c1c840bed5a398b9e1f,6497af9b5812d44d19ee6a07,6497b3b3f5c10d3d4dbf7d1e,probabilistic
2023-06-24 21:29:04,2023-06-24 21:30:23,0,74.112.59.164,100,79,1,2023-06-24 21:30:24,R_1eqSzgJctKnSTHN,,,,,28.6271,-81.7264,anonymous,EN,1,2,1,5,4,4,3,4,4,3,4,,,,,,,,,4,628c2e1e3916aa699ba41227,6497af9b5812d44d19ee6a07,6497b478e26099474e94af2f,deterministic
2023-06-24 21:30:24,2023-06-24 21:31:54,0,174.49.148.30,100,90,1,2023-06-24 21:31:55,R_T2iNtzYMYZtzVDj,,,,,40.5488,-75.9874,anonymous,EN,1,2,1,,,,,,,,,3,2,3,3,2,3,4,2,1,56b395fa2bac74000d89c16f,6497af9b5812d44d19ee6a07,6497b4c8a4d361da3eac73b8,probabilistic
2023-06-24 21:30:39,2023-06-24 21:32:43,0,108.92.217.48,100,124,1,2023-06-24 21:32:44,R_2zbtZ496glmWwzE,,,,,39.0539,-95.7097,anonymous,EN,1,1,2,,,,,,,,,2,2,2,2,2,3,4,3,4,5e9fd54cd03d43182cc598fb,6497af9b5812d44d19ee6a07,6497b4d83bc5a345ba819ebf,probabilistic
2023-06-24 21:34:00,2023-06-24 21:35:44,0,73.71.161.102,100,104,1,2023-06-24 21:35:45,R_33eZApfJwapxeBc,,,,,38.4782,-122.7475,anonymous,EN,2,2,5,4,3,3,1,4,4,3,3,,,,,,,,,6,613a4dd078886bbc7a4a8819,6497af9b5812d44d19ee6a07,6497b59ee6d863bc3cb094ae,deterministic
2023-06-24 21:34:28,2023-06-24 21:36:04,0,132.147.141.144,100,96,1,2023-06-24 21:36:05,R_2QX1q7aiqtBODWt,,,,,41.0583,-96.3937,anonymous,EN,1,1,2,,,,,,,,,2,2,2,2,1,2,4,1,2,6434470f4d8f8a39b2db0e63,6497af9b5812d44d19ee6a07,6497b5b96453055f6a3e3440,probabilistic
2023-06-24 21:36:25,2023-06-24 21:37:11,0,104.32.218.231,100,45,1,2023-06-24 21:37:12,R_1BQOt8SDUSbwdJS,,,,,33.9854,-117.8972,anonymous,EN,4,2,5,4,4,2,3,4,2,1,2,,,,,,,,,6,64144beb43f059cf61508618,6497af9b5812d44d19ee6a07,6497b634cffcd4520259c37e,deterministic
2023-06-24 21:35:02,2023-06-24 21:37:12,0,172.251.115.241,100,130,1,2023-06-24 21:37:12,R_2CdcKWpyy74DDtY,,,,,34.1649,-119.172,anonymous,EN,2,3,4,5,5,2,3,5,2,3,3,,,,,,,,,4,6167393000206565f1cdaf7d,6497af9b5812d44d19ee6a07,6497b5d223c377e21e3e3449,deterministic
2023-06-24 21:35:44,2023-06-24 21:38:04,0,74.134.49.83,100,140,1,2023-06-24 21:38:05,R_3GqVJUeXzlNFKwO,,,,,37.1504,-84.5228,anonymous,EN,1,1,4,,,,,,,,,2,2,4,2,1,2,4,2,6,6447e67996ebef0f84372c0b,6497af9b5812d44d19ee6a07,6497b5fe835533c0c459c365,probabilistic
2023-06-24 21:38:49,2023-06-24 21:41:38,0,99.37.192.98,100,168,1,2023-06-24 21:41:39,R_1QWfNdfYUAlSVHj,,,,,42.5538,-82.9185,anonymous,EN,2,2,4,5,1,4,4,5,4,3,2,,,,,,,,,6,63fba9e68d9ff349947fece5,6497af9b5812d44d19ee6a07,6497b6ba7fb1d7787f499816,deterministic
2023-06-24 21:40:25,2023-06-24 21:41:48,0,68.102.72.20,100,82,1,2023-06-24 21:41:48,R_3frhV2nhbeHyZeu,,,,,38.0551,-97.9323,anonymous,EN,1,4,1,,,,,,,,,2,2,2,2,2,2,2,2,2,627466a4698e1ff237c3c79d,6497af9b5812d44d19ee6a07,6497b724f7371c7d1a9562b9,probabilistic
2023-06-24 21:39:48,2023-06-24 21:43:57,0,162.239.240.88,100,248,1,2023-06-24 21:43:57,R_11X7fKgL50nrbkO,,,,,35.1499,-90.0558,anonymous,EN,1,1,2,,,,,,,,,1,4,4,2,3,1,4,2,3,63d7a185b0243c3bf107239e,6497af9b5812d44d19ee6a07,6497b6fbeac282cafab350c7,probabilistic
2023-06-24 21:43:53,2023-06-24 21:44:56,0,99.98.2.162,100,63,1,2023-06-24 21:44:57,R_3Kpfaq2pgKKZcCM,,,,,34.0544,-118.2441,anonymous,EN,1,1,3,4,4,3,4,4,3,3,3,,,,,,,,,1,5ffc012cfbc94b13159ffab5,6497af9b5812d44d19ee6a07,6497b7f3f32059de273e3433,deterministic
2023-06-24 21:46:33,2023-06-24 21:47:44,0,66.75.104.23,100,71,1,2023-06-24 21:47:45,R_2Sov8WaffUmvzdj,,,,,21.4535,-158.0193,anonymous,EN,3,4,3,5,4,5,5,5,4,3,4,,,,,,,,,4,5e7aab0aa43b6e000b371af2,6497af9b5812d44d19ee6a07,6497b88ac8880b047f3f6b7b,deterministic
2023-06-24 21:47:52,2023-06-24 21:49:23,0,73.211.75.62,100,91,1,2023-06-24 21:49:24,R_2430Jvi4im9ke2O,,,,,40.5093,-88.9844,anonymous,EN,1,1,1,,,,,,,,,2,2,2,2,3,2,2,2,3,5f34d35369a2593f50228893,6497af9b5812d44d19ee6a07,6497b8deda85740c56819ee7,probabilistic
2023-06-24 21:48:10,2023-06-24 21:50:02,0,172.251.231.57,100,111,1,2023-06-24 21:50:03,R_3s7Ajln07uUcxVb,,,,,34.0903,-118.3749,anonymous,EN,1,1,4,5,3,1,2,3,2,4,5,,,,,,,,,4,63c7d37a9a6e45fae826e7d7,6497af9b5812d44d19ee6a07,6497b8f1f2db540a6d28782c,deterministic
2023-06-24 21:27:23,2023-06-24 21:50:32,0,72.176.160.171,100,1388,1,2023-06-24 21:50:33,R_3oHFJDZioB76rAt,,,,,31.1093,-97.6713,anonymous,EN,2,2,5,2,4,4,2,2,2,4,4,,,,,,,,,3,640d81b91241aa00454be61f,6497af9b5812d44d19ee6a07,6497b414a59524afbbbf7d00,deterministic
2023-06-24 21:49:45,2023-06-24 21:51:23,0,134.228.192.71,100,97,1,2023-06-24 21:51:24,R_1kUpFaogqqURE0g,,,,,41.5398,-83.5894,anonymous,EN,1,3,1,4,2,4,4,4,3,2,2,,,,,,,,,4,605fdb3d6e5f793b3e407d73,6497af9b5812d44d19ee6a07,6497b952679e0ec15f819ea9,deterministic
2023-06-24 21:47:09,2023-06-24 21:51:25,0,75.139.115.227,100,256,1,2023-06-24 21:51:26,R_1diCIhgAZGw3oU0,,,,,34.8611,-77.5885,anonymous,EN,2,3,4,,,,,,,,,3,4,3,2,1,2,3,2,5,62793bcd8628ada843f5282b,6497af9b5812d44d19ee6a07,6497b8b3fe6776205a9562a9,probabilistic
2023-06-24 21:51:40,2023-06-24 21:52:45,0,174.49.127.81,100,64,1,2023-06-24 21:52:46,R_2ceE8awLoRIlaka,,,,,33.8332,-84.6031,anonymous,EN,1,1,1,,,,,,,,,1,1,1,1,1,1,1,1,1,59387c17536c28000168c05c,6497af9b5812d44d19ee6a07,6497b9ca72ff68f920ee6a58,probabilistic
2023-06-24 21:51:43,2023-06-24 21:53:37,0,24.204.179.9,100,114,1,2023-06-24 21:53:38,R_1poMuymUt3lvS7T,,,,,42.9698,-85.9212,anonymous,EN,1,1,4,,,,,,,,,1,1,3,1,1,1,2,1,4,63fd2b9be840dc7e93705a23,6497af9b5812d44d19ee6a07,6497b9c30b7a37dcca0cb456,probabilistic
2023-06-24 21:53:14,2023-06-24 21:55:03,0,67.244.13.234,100,108,1,2023-06-24 21:55:04,R_25MmjtHTBrB3qg9,,,,,40.7513,-73.8244,anonymous,EN,2,3,4,4,5,4,5,5,3,4,4,,,,,,,,,4,5c328aa26558270001bd9571,6497af9b5812d44d19ee6a07,6497ba263bbff2c509ac73a4,deterministic
2023-06-24 21:52:49,2023-06-24 21:55:25,0,98.59.125.253,100,155,1,2023-06-24 21:55:26,R_xa4iAQvmKUeEaGd,,,,,44.8058,-93.6071,anonymous,EN,1,1,2,4,4,3,4,4,5,2,4,,,,,,,,,5,63ebda81350084a407936b16,6497af9b5812d44d19ee6a07,6497ba0456cd81b6cdfd3c31,deterministic
2023-06-24 21:59:36,2023-06-24 22:00:39,0,73.49.43.64,100,63,1,2023-06-24 22:00:40,R_1nOXlD8Ew5qIOtM,,,,,25.7689,-80.1946,anonymous,EN,3,3,4,,,,,,,,,2,4,3,3,3,4,4,2,4,63d7f71a9f013b20a05ea683,6497af9b5812d44d19ee6a07,6497bba26ff578397bac73d0,probabilistic
2023-06-24 22:01:15,2023-06-24 22:02:15,0,184.187.142.175,100,59,1,2023-06-24 22:02:15,R_1Mv3RN5ipej3Qtj,,,,,30.209,-92.0607,anonymous,EN,1,5,1,5,5,5,5,5,3,3,3,,,,,,,,,4,604926421556eec227e72f44,6497af9b5812d44d19ee6a07,6497bc0412f84e5a3c4e92e1,deterministic
2023-06-24 22:00:23,2023-06-24 22:02:45,0,76.210.206.247,100,141,1,2023-06-24 22:02:45,R_ebRSeIG3qP5e8EN,,,,,33.3438,-96.5635,anonymous,EN,1,1,4,4,5,4,4,4,4,4,4,,,,,,,,,3,642f45dda7fbedcf5a96c451,6497af9b5812d44d19ee6a07,6497bbcb2ecb2821f6b094d1,deterministic
2023-06-24 22:00:42,2023-06-24 22:03:07,0,70.191.178.89,100,144,1,2023-06-24 22:03:07,R_27VHkdDdTj77QTi,,,,,30.4236,-87.2261,anonymous,EN,1,1,2,,,,,,,,,1,3,2,2,2,2,3,2,3,60fee1bb31705d88353a6297,6497af9b5812d44d19ee6a07,6497bbe3ccec2e6c2bc20dac,probabilistic
2023-06-24 22:02:50,2023-06-24 22:03:39,0,104.177.107.47,100,49,1,2023-06-24 22:03:40,R_88hnzI2hBkbXJ2V,,,,,37.9786,-121.3147,anonymous,EN,1,4,1,,,,,,,,,3,3,3,3,3,3,3,3,1,611ddf2296bca8eae586206f,6497af9b5812d44d19ee6a07,6497bc5c16446b2ee9af9b3a,probabilistic
2023-06-24 22:03:52,2023-06-24 22:06:23,0,45.19.243.90,100,150,1,2023-06-24 22:06:23,R_12sZh7UFLncKhMz,,,,,33.5637,-84.2112,anonymous,EN,1,1,5,,,,,,,,,1,4,2,2,3,4,4,2,6,600ffdc49ffb9723cd2c1fa2,6497af9b5812d44d19ee6a07,6497bca156cd81b6cdfd3c9f,probabilistic
2023-06-24 22:06:29,2023-06-24 22:07:54,0,70.95.22.45,100,85,1,2023-06-24 22:07:55,R_2R3sR82qbHYi2jy,,,,,32.7203,-117.1552,anonymous,EN,2,1,3,4,3,4,4,3,3,2,2,,,,,,,,,3,6459b8128544c7f22edba161,6497af9b5812d44d19ee6a07,6497bd3c41e79c5f7ab350be,deterministic
2023-06-24 22:10:04,2023-06-24 22:11:14,0,66.27.154.124,100,70,1,2023-06-24 22:11:15,R_1gedKLDWc0dTJcZ,,,,,34.1468,-116.0629,anonymous,EN,3,2,4,4,4,2,3,3,2,2,2,,,,,,,,,5,5effc9de741f030c10ec7fef,6497af9b5812d44d19ee6a07,6497be139e967144d12877fd,deterministic
2023-06-24 22:10:49,2023-06-24 22:11:53,0,173.186.239.63,100,64,1,2023-06-24 22:11:54,R_3pbeL6GQbGWfmSU,,,,,35.2277,-92.3573,anonymous,EN,1,1,1,,,,,,,,,2,4,4,2,2,4,4,2,2,6318eecf08b48d388b9a6600,6497af9b5812d44d19ee6a07,6497be40a8a1b96aea5514cd,probabilistic
2023-06-24 22:13:16,2023-06-24 22:14:43,0,72.66.2.188,100,87,1,2023-06-24 22:14:44,R_3KxNizUjvMa8VyV,,,,,39.1063,-76.866,anonymous,EN,1,1,4,4,4,3,5,4,3,3,4,,,,,,,,,4,61019aaf0ae83dd2c1f7a889,6497af9b5812d44d19ee6a07,6497bed6e919d11128819f07,deterministic
2023-06-24 22:12:49,2023-06-24 22:15:03,0,98.224.146.135,100,133,1,2023-06-24 22:15:03,R_5A9H0Ml3wauacHn,,,,,42.2385,-83.1783,anonymous,EN,1,3,1,,,,,,,,,2,2,2,2,2,3,3,2,2,647616c1a39c1d76b201296d,6497af9b5812d44d19ee6a07,6497beb38a11f038d23f6bae,probabilistic
2023-06-24 22:15:53,2023-06-24 22:17:10,0,104.172.206.21,100,76,1,2023-06-24 22:17:10,R_d4skhZk9JU6fcDT,,,,,33.7908,-118.3248,anonymous,EN,2,3,3,5,4,3,4,4,3,2,2,,,,,,,,,2,5c7ecfbb4243370001ed2f0e,6497af9b5812d44d19ee6a07,6497bf736809d294efe891a5,deterministic
2023-06-24 22:14:27,2023-06-24 22:17:14,0,99.56.240.180,100,167,1,2023-06-24 22:17:15,R_1dhNgALCYKXCQZU,,,,,35.2296,-80.843,anonymous,EN,7,3,7,,,,,,,,,1,1,5,5,1,1,5,5,7,6482e45f5681f64b3868724e,6497af9b5812d44d19ee6a07,6497bf09008f7b46655514f8,probabilistic
2023-06-24 22:17:11,2023-06-24 22:19:41,0,71.215.58.111,100,149,1,2023-06-24 22:19:42,R_12xVyQJRuoJwLJs,,,,,26.6207,-81.8325,anonymous,EN,1,1,4,,,,,,,,,3,3,2,2,2,3,3,2,4,6486379af229c305ab5e63fa,6497af9b5812d44d19ee6a07,6497bfb78a7e0850db4e92f2,probabilistic
2023-06-24 22:20:41,2023-06-24 22:21:44,0,24.18.154.23,100,62,1,2023-06-24 22:21:45,R_2ZWw6JmSYjc053C,,,,,47.285,-122.5036,anonymous,EN,1,4,1,,,,,,,,,3,2,3,2,2,2,4,4,4,641c0a284d38c6abbc523a9d,6497af9b5812d44d19ee6a07,6497c09314971bc8fc6ef5ba,probabilistic
2023-06-24 22:21:59,2023-06-24 22:22:55,0,162.251.174.235,100,56,1,2023-06-24 22:22:56,R_20ZHclhlVq9ewAx,,,,,36.5246,-87.3465,anonymous,EN,6,5,7,,,,,,,,,3,4,2,2,4,5,5,3,7,5c3e97165e10030001591bb0,6497af9b5812d44d19ee6a07,6497c0dc06b71d6dbb1f84b4,probabilistic
2023-06-24 22:21:54,2023-06-24 22:23:12,0,99.93.1.78,100,78,1,2023-06-24 22:23:13,R_3ksIM6L0kfnlfjz,,,,,42.2316,-83.2659,anonymous,EN,1,1,3,5,5,4,3,4,2,2,2,,,,,,,,,4,6132cc58d1dcc24bcdb61606,6497af9b5812d44d19ee6a07,6497c0bb3c9a41eb04ac73ae,deterministic
2023-06-24 22:21:53,2023-06-24 22:24:29,0,73.23.19.84,100,156,1,2023-06-24 22:24:30,R_10Osph1wTftMnHA,,,,,26.1357,-81.7908,anonymous,EN,1,2,3,5,3,4,3,4,3,3,4,,,,,,,,,4,5fefaa9599e7cf3114dfc763,6497af9b5812d44d19ee6a07,6497c0d885c0407cf81ccfdf,deterministic
2023-06-24 22:24:34,2023-06-24 22:27:55,0,24.4.18.131,100,200,1,2023-06-24 22:27:56,R_UaKkAErcppv4yxb,,,,,37.6538,-122.4257,anonymous,EN,1,1,3,4,4,3,4,4,3,3,3,,,,,,,,,3,63619bf68269c27fa8aa56a1,6497af9b5812d44d19ee6a07,6497c17cf0ffce4a603f6b97,deterministic
2023-06-24 22:26:22,2023-06-24 22:27:55,0,69.149.58.35,100,93,1,2023-06-24 22:27:56,R_3dY78DFdhc6UWRh,,,,,29.6372,-83.2032,anonymous,EN,1,1,4,,,,,,,,,2,2,2,2,2,2,2,2,4,5d17d6e7e2131c00171f1656,6497af9b5812d44d19ee6a07,6497c1e78b5d5ebda7fd3c45,probabilistic
2023-06-24 22:25:44,2023-06-24 22:29:27,0,98.41.169.21,100,223,1,2023-06-24 22:29:28,R_2tzLWbgraYzwlqB,,,,,38.0004,-121.3105,anonymous,EN,1,1,3,,,,,,,,,3,1,2,3,2,2,2,2,3,60d7fd1de825c69ffd235fa0,6497af9b5812d44d19ee6a07,6497c1bc6381c74ba6b350ab,probabilistic
2023-06-24 22:29:26,2023-06-24 22:30:01,0,173.28.157.106,100,34,1,2023-06-24 22:30:02,R_efJVmQJysmHmcxj,,,,,37.7202,-89.2157,anonymous,EN,1,2,4,3,3,3,3,3,4,3,3,,,,,,,,,4,64528f4d51f889c0c30573af,6497af9b5812d44d19ee6a07,6497c2930f226c9913b09484,deterministic
2023-06-24 22:28:30,2023-06-24 22:30:24,0,50.216.129.154,100,114,1,2023-06-24 22:30:25,R_273woZRkyuXRjcu,,,,,42.3737,-71.1284,anonymous,EN,2,3,3,4,3,4,3,5,2,2,3,,,,,,,,,4,63d5f9abf9bf09bd1d329bc5,6497af9b5812d44d19ee6a07,6497c269caf85c30f50cb481,deterministic
2023-06-24 22:29:31,2023-06-24 22:31:01,0,69.181.194.50,100,89,1,2023-06-24 22:31:01,R_3fcVTr4mCsfyi03,,,,,37.7562,-122.4866,anonymous,EN,1,3,4,,,,,,,,,3,5,3,5,3,5,4,5,6,633e6a4553a6b52bdf6f52bd,6497af9b5812d44d19ee6a07,6497c2a49c338fc1eb95626c,probabilistic
2023-06-24 22:30:03,2023-06-24 22:31:37,0,47.35.197.195,100,94,1,2023-06-24 22:31:38,R_2bH0huI3IuJU26F,,,,,35.046,-81.981,anonymous,EN,2,2,4,4,4,3,3,4,3,2,3,,,,,,,,,6,6463cfeaae6a490d6632c2de,6497af9b5812d44d19ee6a07,6497c2c614971bc8fc6ef605,deterministic
2023-06-24 22:31:09,2023-06-24 22:32:07,0,69.92.183.7,100,57,1,2023-06-24 22:32:08,R_uxGGS5Mqcz8W9Bn,,,,,33.6416,-96.6146,anonymous,EN,1,1,1,,,,,,,,,1,1,1,1,1,1,1,1,1,5b121f3ebd9c31000156bf23,6497af9b5812d44d19ee6a07,6497c307da08e15567ca52d6,probabilistic
2023-06-24 22:30:55,2023-06-24 22:32:49,0,209.122.37.142,100,114,1,2023-06-24 22:32:50,R_aWxJZQ6VawnVgDD,,,,,42.0128,-88.0967,anonymous,EN,1,2,4,,,,,,,,,2,2,2,2,2,3,4,4,4,6330622d9703174abfac3b14,6497af9b5812d44d19ee6a07,6497c2f85e6db3bacdb09484,probabilistic
2023-06-24 22:31:28,2023-06-24 22:33:07,0,172.92.84.67,100,98,1,2023-06-24 22:33:07,R_1mJWOI0QOgqAdsu,,,,,48.0872,-123.1146,anonymous,EN,1,1,3,4,4,3,4,4,3,2,3,,,,,,,,,2,6163e1088877e8e7cc2e3a55,6497af9b5812d44d19ee6a07,6497c317dbc8fee5cac2808d,deterministic
2023-06-24 22:31:13,2023-06-24 22:33:41,0,172.59.32.116,100,147,1,2023-06-24 22:33:41,R_3EFpPL0PxLaRNCx,,,,,39.9391,-83.0474,anonymous,EN,1,2,1,,,,,,,,,1,1,2,1,1,2,3,1,1,61076a5cbad18ee96f49dacf,6497af9b5812d44d19ee6a07,6497c30a85bc632629388496,probabilistic
2023-06-24 22:31:03,2023-06-24 22:33:54,0,204.195.16.100,100,171,1,2023-06-24 22:33:55,R_1q2t5ubZU60X1at,,,,,44.8349,-124.0612,anonymous,EN,2,5,2,4,3,2,4,5,3,2,3,,,,,,,,,4,5f4c49b249b99c1462dd2640,6497af9b5812d44d19ee6a07,6497c3057b7e63dee9499818,deterministic
2023-06-24 22:34:07,2023-06-24 22:35:02,0,173.224.109.86,100,55,1,2023-06-24 22:35:03,R_02liBQToSYeUvbX,,,,,29.7388,-95.8309,anonymous,EN,1,2,2,5,5,3,2,3,2,2,3,,,,,,,,,3,60243a05728c5e0d4885e0d2,6497af9b5812d44d19ee6a07,6497c3baaf95277c015f4e06,deterministic
2023-06-24 22:32:45,2023-06-24 22:36:05,0,192.63.212.80,100,200,1,2023-06-24 22:36:06,R_3y2MhLmtXM8Pqgh,,,,,31.7596,-106.4884,anonymous,EN,2,3,2,,,,,,,,,3,4,3,1,2,2,3,2,3,6400d898fba673e3167299c9,6497af9b5812d44d19ee6a07,6497c341ba1a1b22ee3e346f,probabilistic
2023-06-24 22:35:06,2023-06-24 22:36:10,0,24.18.53.176,100,63,1,2023-06-24 22:36:11,R_2OOrDO4BVXDOVud,,,,,47.3845,-122.0582,anonymous,EN,2,2,4,,,,,,,,,4,5,3,2,4,4,4,1,7,62f79d3e7a0a3d8d31ff6b10,6497af9b5812d44d19ee6a07,6497c3f3f8d753751f26b167,probabilistic
2023-06-24 22:34:14,2023-06-24 22:36:39,0,66.177.23.91,100,145,1,2023-06-24 22:36:41,R_3ptiGbBOcZC556r,,,,,30.3341,-81.6544,anonymous,EN,3,2,6,5,5,5,5,5,5,3,3,,,,,,,,,5,5d85910572aeb00001290de9,6497af9b5812d44d19ee6a07,6497c3bc0c827010f2c2809b,deterministic
2023-06-24 22:35:43,2023-06-24 22:38:13,0,72.208.33.78,100,149,1,2023-06-24 22:38:13,R_vIwz9MQJMT6HKJX,,,,,32.246,-110.9177,anonymous,EN,1,1,5,,,,,,,,,2,3,3,1,1,4,4,3,4,62904d7ade3ca9e95ae70b0a,6497af9b5812d44d19ee6a07,6497c409b49626018b94af47,probabilistic
2023-06-24 22:35:41,2023-06-24 22:38:18,0,172.58.188.136,100,156,1,2023-06-24 22:38:18,R_3FUI8ifzoUuZqS5,,,,,38.894,-77.0365,anonymous,EN,4,3,4,4,2,1,1,4,3,2,3,,,,,,,,,5,647782cf08c7a7669cb13321,6497af9b5812d44d19ee6a07,6497c412fd39376ee7fd3c39,deterministic
2023-06-24 22:37:14,2023-06-24 22:39:38,0,65.32.77.74,100,143,1,2023-06-24 22:39:39,R_3fB6zvZWaSAKSYy,,,,,27.5595,-82.3934,anonymous,EN,2,2,4,,,,,,,,,3,3,4,3,2,2,2,2,5,6483fded206bc517c6ad6d0c,6497af9b5812d44d19ee6a07,6497c46dc23559e91a3f6b89,probabilistic
2023-06-24 22:39:06,2023-06-24 22:40:51,0,75.9.78.163,100,104,1,2023-06-24 22:40:52,R_3j9x1by0s2fzJnb,,,,,43.0818,-87.892,anonymous,EN,1,1,2,4,3,3,4,4,4,4,4,,,,,,,,,4,63e1b63e2163c30bae297a66,6497af9b5812d44d19ee6a07,6497c4e4bf9cd5c4d73f6b8d,deterministic
2023-06-24 22:40:04,2023-06-24 22:40:51,0,24.13.142.138,100,47,1,2023-06-24 22:40:52,R_2WCQix5CdP3Vg66,,,,,41.7579,-88.2934,anonymous,EN,1,4,1,5,3,4,5,5,2,1,3,,,,,,,,,5,5e6e7f40e4f27600082cc8d8,6497af9b5812d44d19ee6a07,6497c51f58a57b31e06c6050,deterministic
2023-06-24 22:41:05,2023-06-24 22:42:45,0,99.174.169.148,100,99,1,2023-06-24 22:42:46,R_1Kqhcgi4UHR7j0L,,,,,37.589,-122.0461,anonymous,EN,1,1,2,,,,,,,,,3,3,2,2,2,2,4,2,1,60fdebfb247861f9a9dc9611,6497af9b5812d44d19ee6a07,6497c54e58ba22b964975178,probabilistic
2023-06-24 22:41:35,2023-06-24 22:43:14,0,75.223.88.96,100,99,1,2023-06-24 22:43:15,R_2E49IFxt95FohlY,,,,,36.2158,-115.066,anonymous,EN,1,1,1,5,2,5,5,5,2,5,5,,,,,,,,,1,64045adff6fa742a6d7f4409,6497af9b5812d44d19ee6a07,6497c576cda7e3aab9bf7d19,deterministic
2023-06-24 22:42:22,2023-06-24 22:43:30,0,69.203.8.73,100,68,1,2023-06-24 22:43:31,R_bjQlVztfYSiCn61,,,,,40.7681,-73.8291,anonymous,EN,1,2,1,,,,,,,,,1,2,2,1,2,4,5,2,1,5eddcf4402d4a6afeda91275,6497af9b5812d44d19ee6a07,6497c59b9aca58e05f422793,probabilistic
2023-06-24 22:42:32,2023-06-24 22:43:35,0,76.170.221.175,100,63,1,2023-06-24 22:43:36,R_1dggRpfhThzbRVK,,,,,33.816,-117.9692,anonymous,EN,1,5,1,4,1,4,4,4,5,4,4,,,,,,,,,1,648a6d990df5b9bf48b231a3,6497af9b5812d44d19ee6a07,6497c5b4e04a6027cc3e345c,deterministic
2023-06-24 22:42:03,2023-06-24 22:44:36,0,16.98.99.140,100,153,1,2023-06-24 22:44:37,R_2QhSb5d91ZJszMo,,,,,35.3288,-118.9748,anonymous,EN,2,3,3,5,1,4,3,5,2,2,4,,,,,,,,,4,5f056b73a43ac686571f41ad,6497af9b5812d44d19ee6a07,6497c595250be456ad1cd002,deterministic
2023-06-24 22:44:00,2023-06-24 22:45:51,0,158.140.35.210,100,111,1,2023-06-24 22:45:52,R_3QLf6TQlLnx92v5,,,,,36.1549,-116.0177,anonymous,EN,1,1,1,,,,,,,,,1,3,2,2,3,3,4,2,3,64724e458bd725fde58da932,6497af9b5812d44d19ee6a07,6497c606050d18598eb350d6,probabilistic
2023-06-24 22:44:55,2023-06-24 22:46:42,0,24.185.169.91,100,107,1,2023-06-24 22:46:43,R_WuKRMKlkj8v9xDz,,,,,40.6801,-73.9207,anonymous,EN,2,4,1,,,,,,,,,2,2,1,1,1,1,2,1,4,63f78bb7206ef665475132f8,6497af9b5812d44d19ee6a07,6497c63dab83bd686b5f4ded,probabilistic
2023-06-24 22:49:32,2023-06-24 22:50:21,0,68.109.40.120,100,48,1,2023-06-24 22:50:21,R_2X5uISyrxQIT6FU,,,,,32.8458,-83.6762,anonymous,EN,1,1,1,5,5,5,5,5,5,5,5,,,,,,,,,1,5d982f9b9fcbb7032d1bbcb8,6497af9b5812d44d19ee6a07,6497c7559bf274bbb74e92b7,deterministic
2023-06-24 22:50:06,2023-06-24 22:51:22,0,24.211.229.241,100,76,1,2023-06-24 22:51:23,R_VXCsykDEjed5e2B,,,,,35.9151,-79.0972,anonymous,EN,1,1,1,,,,,,,,,1,1,1,1,1,1,2,1,1,63df49adc93a770f56a41ba7,6497af9b5812d44d19ee6a07,6497c776b9719667b275f53c,probabilistic
2023-06-24 22:50:21,2023-06-24 22:52:01,0,67.248.92.76,100,99,1,2023-06-24 22:52:02,R_3HBVNxPDpraBs8k,,,,,42.6552,-73.802,anonymous,EN,1,1,1,4,4,3,3,3,3,2,3,,,,,,,,,1,62857f4aa4dcc9a234786ae3,6497af9b5812d44d19ee6a07,6497c785dd818e74cd5514cb,deterministic
2023-06-24 22:52:48,2023-06-24 22:54:09,0,50.39.164.240,100,81,1,2023-06-24 22:54:10,R_3fr5Qk4HPzFHa9w,,,,,45.5397,-122.9638,anonymous,EN,2,3,2,,,,,,,,,1,1,2,2,1,2,3,2,4,5ec21c91ffe1af65eb58b52a,6497af9b5812d44d19ee6a07,6497c81add818e74cd5514e2,probabilistic
2023-06-24 22:51:59,2023-06-24 22:54:28,0,72.111.22.3,100,148,1,2023-06-24 22:54:28,R_3QQ78JNtk6NXPHK,,,,,33.5093,-112.0563,anonymous,EN,1,1,4,4,3,4,4,4,4,3,3,,,,,,,,,4,64605d6135d433e2e9d7bf29,6497af9b5812d44d19ee6a07,6497c7e04dd57029d43f6b9a,deterministic
2023-06-24 22:53:36,2023-06-24 22:55:03,0,73.77.176.16,100,86,1,2023-06-24 22:55:04,R_246LZO5pG9SnHaM,,,,,29.5799,-95.6085,anonymous,EN,2,1,2,,,,,,,,,2,2,2,2,2,2,4,2,2,630007a81cf7b634269e973c,6497af9b5812d44d19ee6a07,6497c84e68785750cbac73ca,probabilistic
2023-06-24 22:56:58,2023-06-24 22:57:36,0,23.240.199.189,100,37,1,2023-06-24 22:57:37,R_3spupUkqef5JfDT,,,,,34.1283,-118.0514,anonymous,EN,3,3,2,,,,,,,,,2,2,2,1,3,2,4,5,5,63cb23389133d3f76db2336a,6497af9b5812d44d19ee6a07,6497c914943e3c553669345b,probabilistic
2023-06-24 22:55:54,2023-06-24 22:57:42,0,75.54.118.176,100,107,1,2023-06-24 22:57:42,R_AHXFu5JyAw4mIKt,,,,,34.0544,-118.2441,anonymous,EN,4,2,4,,,,,,,,,3,4,3,3,3,3,4,4,3,63e5b96c546f7b99d7d44c89,6497af9b5812d44d19ee6a07,6497c8cf269fef234226b19f,probabilistic
2023-06-24 22:56:30,2023-06-24 22:57:50,0,66.16.16.106,100,80,1,2023-06-24 22:57:52,R_OEkzquTLsLELvyx,,,,,34.0737,-81.1863,anonymous,EN,1,1,2,,,,,,,,,3,2,4,2,2,3,3,2,3,5f1278c939871c1d0f85d700,6497af9b5812d44d19ee6a07,6497c8f5b4f9af687213a66a,probabilistic
2023-06-24 22:56:49,2023-06-24 22:58:27,0,73.252.92.158,100,98,1,2023-06-24 22:58:28,R_241b6a6nREP3Zij,,,,,32.3705,-90.1746,anonymous,EN,1,1,4,4,2,3,4,4,3,1,2,,,,,,,,,3,5d314336c01c5f00171f3cb2,6497af9b5812d44d19ee6a07,6497c8c5642019b20eee6a58,deterministic
2023-06-24 22:56:02,2023-06-24 22:58:28,0,75.15.233.68,100,146,1,2023-06-24 22:58:28,R_3EsVf5EVYolGSY9,,,,,29.7646,-95.3657,anonymous,EN,5,3,6,5,5,3,4,4,4,3,4,,,,,,,,,3,62bd822279bf752b126baba6,6497af9b5812d44d19ee6a07,6497c8d836113af011c20dd1,deterministic
2023-06-24 22:55:04,2023-06-24 22:58:34,0,108.244.222.232,100,209,1,2023-06-24 22:58:34,R_OCKHRZzIAPRwmpH,,,,,29.7646,-95.3657,anonymous,EN,1,2,4,4,3,4,4,4,4,4,4,,,,,,,,,5,644937c89b446a14875aed54,6497af9b5812d44d19ee6a07,6497c89ce06bc6c16e5f4df0,deterministic
2023-06-24 22:58:28,2023-06-24 22:59:53,0,45.50.138.116,100,84,1,2023-06-24 22:59:53,R_3prubuKMrr2X7TB,,,,,34.0282,-117.0372,anonymous,EN,1,4,1,5,5,5,5,5,4,4,5,,,,,,,,,1,5fc980607802411830ff5498,6497af9b5812d44d19ee6a07,6497c96de06bc6c16e5f4e14,deterministic
2023-06-24 23:01:56,2023-06-24 23:03:18,0,73.54.157.162,100,81,1,2023-06-24 23:03:19,R_1nTsVz76cQ1LjZG,,,,,33.7173,-84.4783,anonymous,EN,2,1,4,4,4,4,4,4,4,2,2,,,,,,,,,4,64776397ae01ac90f5f614a9,6497af9b5812d44d19ee6a07,6497ca3f3845759916fdff5c,deterministic
2023-06-24 23:01:31,2023-06-24 23:03:40,0,75.71.147.47,100,128,1,2023-06-24 23:03:40,R_1dAkjOc9AtUGG4V,,,,,40.0142,-105.2853,anonymous,EN,3,1,2,4,4,4,4,4,3,3,3,,,,,,,,,2,5f07d88a3c105f01df6fae40,6497af9b5812d44d19ee6a07,6497ca233662d311d86c602c,deterministic
2023-06-24 23:02:19,2023-06-24 23:05:37,0,73.109.40.127,100,198,1,2023-06-24 23:05:38,R_24bWv4yslE5wAlT,,,,,47.024,-122.7827,anonymous,EN,3,1,5,,,,,,,,,3,1,1,1,2,1,2,1,5,64410827edd51619ec01d945,6497af9b5812d44d19ee6a07,6497ca4afd6cebd8279562af,probabilistic
2023-06-24 23:01:19,2023-06-24 23:05:46,0,75.72.192.155,100,267,1,2023-06-24 23:05:47,R_3kAsctQx2BjRXqA,,,,,44.9402,-93.2188,anonymous,EN,3,3,4,,,,,,,,,4,4,4,2,4,4,2,2,5,644e80f65a5c0e0d2f9a433b,6497af9b5812d44d19ee6a07,6497c9edeb36c213756db9d0,probabilistic
2023-06-24 23:03:57,2023-06-24 23:05:58,0,70.187.141.166,100,121,1,2023-06-24 23:05:59,R_3r212bHWdhwhp51,,,,,33.7671,-118.3814,anonymous,EN,4,3,5,4,4,4,4,4,4,2,2,,,,,,,,,5,647fe69be349b78b571ecedd,6497af9b5812d44d19ee6a07,6497cab3be6c7d12d54227d4,deterministic
2023-06-24 23:05:25,2023-06-24 23:07:03,0,216.254.251.102,100,98,1,2023-06-24 23:07:04,R_5am1FicIlrMbcjL,,,,,42.8822,-97.3906,anonymous,EN,1,1,3,5,5,5,5,5,5,5,5,,,,,,,,,4,5f40ba52bb802e1f200d0e0c,6497af9b5812d44d19ee6a07,6497cb0e7e521d899d499815,deterministic
2023-06-24 23:04:23,2023-06-24 23:07:37,0,71.47.100.231,100,193,1,2023-06-24 23:07:38,R_1EYyHkIaNVu9yTS,,,,,28.1885,-81.2695,anonymous,EN,4,4,4,,,,,,,,,1,1,3,1,1,3,5,3,6,646ff124ef129159bf5f08f7,6497af9b5812d44d19ee6a07,6497cad061480f98735514de,probabilistic
2023-06-24 23:06:17,2023-06-24 23:07:56,0,162.227.44.246,100,98,1,2023-06-24 23:07:57,R_3rM937WMNrwkCYt,,,,,35.4971,-97.733,anonymous,EN,1,2,5,5,4,3,4,4,5,2,2,,,,,,,,,6,647e00af96651278d30d298a,6497af9b5812d44d19ee6a07,6497cb41b99da43f22c280ad,deterministic
2023-06-24 23:06:57,2023-06-24 23:08:52,0,98.113.117.45,100,115,1,2023-06-24 23:08:53,R_2pQOvha3Qw9e7xu,,,,,40.8453,-73.2916,anonymous,EN,1,3,2,,,,,,,,,3,2,1,1,2,2,3,2,2,611004bb14ee1de34195cb04,6497af9b5812d44d19ee6a07,6497cb69b03db107fa31966d,probabilistic
2023-06-24 23:05:18,2023-06-24 23:11:56,0,73.216.145.162,100,398,1,2023-06-24 23:11:57,R_C4FCES0ewTGXl5f,,,,,36.6817,-77.5565,anonymous,EN,2,1,4,,,,,,,,,3,1,1,1,1,1,3,1,4,63db49b4969069441bc68182,6497af9b5812d44d19ee6a07,6497cb063632328fd40cb4a8,probabilistic
2023-06-24 22:19:54,2023-06-25 00:06:46,0,68.108.142.64,100,6412,1,2023-06-25 00:06:47,R_3J8mGvLfU5OrFjf,,,,,36.218,-115.1709,anonymous,EN,2,4,3,3,3,3,3,3,3,3,3,,,,,,,,,4,64013c205363ca19db78ed9f,6497af9b5812d44d19ee6a07,6497c065d63a190ab059c39e,deterministic
